SK-IN-00-00-00-00,SK-IT-NE-000001
SK-IN-00-00-00-00,SK-IT-NE-000002
SK-IN-00-00-00-00,SK-IT-NE-000003
SK-IN-00-00-00-00,SK-IT-NE-000004
SK-IN-00-00-00-00,SK-IT-NE-000005
SK-IN-00-00-00-00,SK-IT-PN-000001
SK-IN-00-00-00-00,SK-IT-PN-000002
SK-IN-00-00-00-00,SK-IT-PN-000003
SK-IN-00-00-00-00,SK-IT-PN-000004
SK-IN-00-00-00-00,SK-IT-PN-000005
SK-IN-00-00-00-00,SK-IT-SD-000001
SK-IN-00-00-00-00,SK-IT-SD-000002
SK-IN-00-00-00-00,SK-IT-SD-000003
SK-IN-00-00-00-00,SK-IT-SD-000004
SK-IN-00-00-00-00,SK-IT-SD-000005
SK-IN-00-00-00-00,SK-IT-SD-000006
SK-IN-00-00-00-00,SK-IT-SE-000001
SK-IN-00-00-00-00,SK-IT-SE-000002
SK-IN-00-00-00-00,SK-IT-SE-000003
SK-IN-00-00-00-00,SK-IT-SE-000005
SK-IN-00-00-00-00,SK-IT-TL-000002
SK-IN-00-00-00-00,SK-IT-TL-000004
SK-IN-00-00-00-00,SK-IT-SE-000004
SK-IN-00-00-00-00,SK-IT-TL-000001
SK-IN-00-00-00-00,SK-IT-TL-000003
SK-IN-00-00-00-00,SK-IT-TL-000005
